<?xml version="1.0" encoding="UTF-8"?>
<project name="qadashboard" default="all">
  
  
  <property file="qadashboard.properties"/>
  <!-- Uncomment the following property if no tests compilation is needed -->
  <!-- 
  <property name="skip.tests" value="true"/>
   -->
  
  <!-- Compiler options -->
  
  <property name="compiler.debug" value="on"/>
  <property name="compiler.generate.no.warnings" value="off"/>
  <property name="compiler.args" value=""/>
  <property name="compiler.max.memory" value="128m"/>
  <patternset id="ignored.files">
    <exclude name="**/CVS/**"/>
    <exclude name="**/SCCS/**"/>
    <exclude name="**/RCS/**"/>
    <exclude name="**/rcs/**"/>
    <exclude name="**/.DS_Store/**"/>
    <exclude name="**/.svn/**"/>
    <exclude name="**/.pyc/**"/>
    <exclude name="**/.pyo/**"/>
    <exclude name="**/*.pyc/**"/>
    <exclude name="**/*.pyo/**"/>
    <exclude name="**/.git/**"/>
    <exclude name="**/*.hprof/**"/>
    <exclude name="**/_svn/**"/>
    <exclude name="**/.hg/**"/>
    <exclude name="**/*.lib/**"/>
    <exclude name="**/*~/**"/>
    <exclude name="**/__pycache__/**"/>
    <exclude name="**/.bundle/**"/>
    <exclude name="**/*.rbc/**"/>
  </patternset>
  <patternset id="library.patterns">
    <include name="*.war"/>
    <include name="*.ear"/>
    <include name="*.apk"/>
    <include name="*.zip"/>
    <include name="*.swc"/>
    <include name="*.egg"/>
    <include name="*.jar"/>
  </patternset>
  <patternset id="compiler.resources">
    <include name="**/?*.properties"/>
    <include name="**/?*.xml"/>
    <include name="**/?*.gif"/>
    <include name="**/?*.png"/>
    <include name="**/?*.jpeg"/>
    <include name="**/?*.jpg"/>
    <include name="**/?*.html"/>
    <include name="**/?*.dtd"/>
    <include name="**/?*.tld"/>
    <include name="**/?*.ftl"/>
  </patternset>
  
  <!-- JDK definitions -->
  
  <property name="jdk.bin.1.6" value="${jdk.home.1.6}/bin"/>
  <path id="jdk.classpath.1.6">
    <fileset dir="${jdk.home.1.6}">
      <include name="jre/lib/jce.jar"/>
      <include name="jre/lib/javaws.jar"/>
      <include name="jre/lib/deploy.jar"/>
      <include name="jre/lib/resources.jar"/>
      <include name="jre/lib/alt-string.jar"/>
      <include name="jre/lib/alt-rt.jar"/>
      <include name="jre/lib/jsse.jar"/>
      <include name="jre/lib/charsets.jar"/>
      <include name="jre/lib/rt.jar"/>
      <include name="jre/lib/management-agent.jar"/>
      <include name="jre/lib/plugin.jar"/>
      <include name="jre/lib/ext/dnsns.jar"/>
      <include name="jre/lib/ext/localedata.jar"/>
      <include name="jre/lib/ext/sunjce_provider.jar"/>
      <include name="jre/lib/ext/sunpkcs11.jar"/>
    </fileset>
  </path>
  
  <property name="project.jdk.home" value="${jdk.home.1.6}"/>
  <property name="project.jdk.bin" value="${jdk.bin.1.6}"/>
  <property name="project.jdk.classpath" value="jdk.classpath.1.6"/>
  
  
  <!-- Project Libraries -->
  
  <path id="library.commandersdk.classpath">
    <pathelement location="${basedir}/../../CommanderSDK/lib/ant-contrib-1.0b3.jar"/>
    <pathelement location="${basedir}/../../CommanderSDK/lib/ec-gwt.jar"/>
    <pathelement location="${basedir}/../../CommanderSDK/lib/gwt-dev.jar"/>
    <pathelement location="${basedir}/../../CommanderSDK/lib/gwt-servlet.jar"/>
    <pathelement location="${basedir}/../../CommanderSDK/lib/gwt-user.jar"/>
    <pathelement location="${basedir}/../../CommanderSDK/lib/validation-api-1.0.0.GA.jar"/>
  </path>
  <!-- Register Custom Compiler Taskdefs -->
  <property name="javac2.home" value="${idea.home}/lib"/>
  <path id="javac2.classpath">
    <pathelement location="${javac2.home}/javac2.jar"/>
    <pathelement location="${javac2.home}/jdom.jar"/>
    <pathelement location="${javac2.home}/asm.jar"/>
    <pathelement location="${javac2.home}/asm-commons.jar"/>
    <pathelement location="${javac2.home}/jgoodies-forms.jar"/>
  </path>
  <target name="register.custom.compilers">
    <taskdef name="javac2" classname="com.intellij.ant.Javac2" classpathref="javac2.classpath"/>
    <taskdef name="instrumentIdeaExtensions" classname="com.intellij.ant.InstrumentIdeaExtensions" classpathref="javac2.classpath"/>
  </target>
  
  <!-- Modules -->
  
  
  <!-- Module QADashboard -->
  
  <dirname property="module.qadashboard.basedir" file="${ant.file}"/>
  
  
  <property name="module.jdk.home.qadashboard" value="${project.jdk.home}"/>
  <property name="module.jdk.bin.qadashboard" value="${project.jdk.bin}"/>
  <property name="module.jdk.classpath.qadashboard" value="${project.jdk.classpath}"/>
  
  <property name="compiler.args.qadashboard" value="${compiler.args}"/>
  
  <property name="qadashboard.output.dir" value="${module.qadashboard.basedir}/out/production/QADashboard"/>
  <property name="qadashboard.testoutput.dir" value="${module.qadashboard.basedir}/out/test/QADashboard"/>
  
  <path id="qadashboard.module.bootclasspath">
    <!-- Paths to be included in compilation bootclasspath -->
  </path>
  
  <path id="qadashboard.module.production.classpath">
    <path refid="${module.jdk.classpath.qadashboard}"/>
    <path refid="library.commandersdk.classpath"/>
  </path>
  
  <path id="qadashboard.runtime.production.module.classpath">
    <pathelement location="${qadashboard.output.dir}"/>
    <path refid="library.commandersdk.classpath"/>
  </path>
  
  <path id="qadashboard.module.classpath">
    <path refid="${module.jdk.classpath.qadashboard}"/>
    <pathelement location="${qadashboard.output.dir}"/>
    <path refid="library.commandersdk.classpath"/>
  </path>
  
  <path id="qadashboard.runtime.module.classpath">
    <pathelement location="${qadashboard.testoutput.dir}"/>
    <pathelement location="${qadashboard.output.dir}"/>
    <path refid="library.commandersdk.classpath"/>
  </path>
  
  
  <patternset id="excluded.from.module.qadashboard">
    <patternset refid="ignored.files"/>
  </patternset>
  
  <patternset id="excluded.from.compilation.qadashboard">
    <patternset refid="excluded.from.module.qadashboard"/>
  </patternset>
  
  <path id="qadashboard.module.sourcepath">
    <dirset dir="${module.qadashboard.basedir}">
      <include name="src"/>
    </dirset>
  </path>
  
  
  <target name="compile.module.qadashboard" depends="compile.module.qadashboard.production,compile.module.qadashboard.tests" description="Compile module QADashboard"/>
  
  <target name="compile.module.qadashboard.production" depends="register.custom.compilers" description="Compile module QADashboard; production classes">
    <mkdir dir="${qadashboard.output.dir}"/>
    <javac2 destdir="${qadashboard.output.dir}" debug="${compiler.debug}" nowarn="${compiler.generate.no.warnings}" memorymaximumsize="${compiler.max.memory}" fork="true" executable="${module.jdk.bin.qadashboard}/javac">
      <compilerarg line="${compiler.args.qadashboard}"/>
      <bootclasspath refid="qadashboard.module.bootclasspath"/>
      <classpath refid="qadashboard.module.production.classpath"/>
      <src refid="qadashboard.module.sourcepath"/>
      <patternset refid="excluded.from.compilation.qadashboard"/>
    </javac2>
    
    <copy todir="${qadashboard.output.dir}">
      <fileset dir="${module.qadashboard.basedir}/src">
        <patternset refid="compiler.resources"/>
        <type type="file"/>
      </fileset>
    </copy>
  </target>
  
  <target name="compile.module.qadashboard.tests" depends="register.custom.compilers,compile.module.qadashboard.production" description="compile module QADashboard; test classes" unless="skip.tests"/>
  
  <target name="clean.module.qadashboard" description="cleanup module">
    <delete dir="${qadashboard.output.dir}"/>
    <delete dir="${qadashboard.testoutput.dir}"/>
  </target>
  
  <property name="gwt.compiler.output.qadashboard" value="${module.qadashboard.basedir}/GWTCompilerOutput_qadashboard"/>
  
  <!-- Run GWT compiler for GWT module ${gwt.module.name} -->
  <target name="run.gwt.compiler.qadashboard" description="Run GWT compiler">
    <java fork="true" jvm="${module.jdk.bin.qadashboard}/java" classname="com.google.gwt.dev.Compiler">
      <jvmarg line="-Xmx128m"/>
      <classpath>
        <pathelement location="${gwt.sdk.home.qadashboard}/gwt-dev.jar"/>
        <path refid="qadashboard.module.sourcepath"/>
        <path refid="qadashboard.module.classpath"/>
      </classpath>
      <arg value="-logLevel"/>
      <arg value="WARN"/>
      <arg value="-war"/>
      <arg value="${gwt.compiler.output.qadashboard}"/>
      <arg value="-style"/>
      <arg value="DETAILED"/>
      <arg value="${gwt.module.name}"/>
    </java>
  </target>
  
  <target name="compile.gwt.qadashboard" depends="compile.module.qadashboard" description="Compile all GWT modules in module QADashboard">
    <property name="gwt.sdk.home.qadashboard" value="${gwt.sdk.home}"/>
    <antcall target="run.gwt.compiler.qadashboard">
      <param name="gwt.module.name" value="ecplugins.QADashboard.configureDashboard"/>
    </antcall>
    <antcall target="run.gwt.compiler.qadashboard">
      <param name="gwt.module.name" value="ecplugins.QADashboard.QADashboardMain"/>
    </antcall>
    <antcall target="run.gwt.compiler.qadashboard">
      <param name="gwt.module.name" value="ecplugins.QADashboard.projectPicker"/>
    </antcall>
  </target>
  
  <target name="clean.gwt.compiler.output" description="Clean GWT Compiler output directories">
    <delete dir="${gwt.compiler.output.qadashboard}"/>
  </target>
  
  <target name="init" description="Build initialization">
    <!-- Perform any build initialization in this target -->
  </target>
  
  <target name="clean" depends="clean.module.qadashboard, clean.gwt.compiler.output" description="cleanup all"/>
  
  <target name="build.modules" depends="init, clean, compile.gwt.qadashboard" description="build all modules"/>
  
  <target name="all" depends="build.modules" description="build all"/>
</project>